{
    "weights": {
        "kl_divergence": 0.7,
        "bigram": 0.0,
        "trigram": 0.0,
        "embeddings": 0.0,
        "arabert": 0.3
    },
    "methods_used": [
        "kl_divergence",
        "bigram",
        "trigram",
        "embeddings",
        "arabert"
    ],
    "statistics": {
        "mean_similarity": 35.131659692472724,
        "std_similarity": 7.701909388877084,
        "min_similarity": 5.512179992247215,
        "max_similarity": 57.23131718126945,
        "median_similarity": 35.68448834948254
    }
}