{
    "weights": {
        "kl_divergence": 0.0,
        "bigram": 0.0,
        "trigram": 0.0,
        "embeddings": 0.7,
        "arabert": 0.3
    },
    "methods_used": [
        "kl_divergence",
        "bigram",
        "trigram",
        "embeddings",
        "arabert"
    ],
    "statistics": {
        "mean_similarity": 81.00335784234943,
        "std_similarity": 11.401285398079516,
        "min_similarity": 35.336788430809975,
        "max_similarity": 97.49397468566895,
        "median_similarity": 84.29155731201172
    }
}